,TIME,BIKE_STANDS,AVAILABLE_BIKE_STANDS,AVAILABLE_BIKES
0,2022-01-28,3525.0,2122.2708333333335,1396.875
1,2022-01-29,3525.0,2108.1666666666665,1415.0
2,2022-01-30,3525.0,2100.0833333333335,1422.1041666666667
3,2022-01-31,3525.0,2127.7608695652175,1389.891304347826
4,2022-02-01,3525.0,2128.8541666666665,1388.2916666666667
5,2022-02-02,3525.0,2125.8958333333335,1391.75
6,2022-02-03,3525.0,2130.0416666666665,1387.6875
7,2022-02-04,3525.0,2108.25,1411.0416666666667
8,2022-02-05,3525.0,2084.75,1436.8125
9,2022-02-06,3525.0,2080.6666666666665,1440.9791666666667
10,2022-02-07,3525.0,2123.5208333333335,1395.6666666666667
11,2022-02-08,3525.0,2140.4166666666665,1378.5208333333333
12,2022-02-09,3525.0,2136.875,1383.125
13,2022-02-10,3525.0,2137.4791666666665,1382.6041666666667
14,2022-02-11,3525.0,2126.0208333333335,1391.9375
15,2022-02-12,3525.0,2101.8125,1422.1458333333333
16,2022-02-13,3525.0,2097.7708333333335,1426.8333333333333
17,2022-02-14,3525.0,2127.5625,1392.0
18,2022-02-15,3525.0,2116.6041666666665,1402.0625
19,2022-02-16,3525.0,2107.6666666666665,1411.6666666666667
20,2022-02-17,3525.0,2107.3541666666665,1411.4583333333333
21,2022-02-18,3525.0,2115.5625,1404.2291666666667
22,2022-02-19,3525.0,2093.9583333333335,1429.6666666666667
23,2022-02-20,3525.0,2083.5833333333335,1439.25
24,2022-02-21,3525.0,2119.1458333333335,1402.0416666666667
25,2022-02-22,3525.0,2124.9375,1396.2916666666667
26,2022-02-23,3525.0,2119.8541666666665,1399.5625
27,2022-02-24,3525.0,2123.5625,1396.3125
28,2022-02-25,3525.0,2128.0833333333335,1393.2083333333333
29,2022-02-26,3525.0,2109.75,1412.9375
30,2022-02-27,3525.0,2106.7708333333335,1416.1041666666667
31,2022-02-28,3525.0,2134.2291666666665,1386.4583333333333
32,2022-03-01,3525.0,2138.3958333333335,1381.7083333333333
33,2022-03-02,3525.0,2126.75,1393.0833333333333
34,2022-03-03,3525.0,2130.8541666666665,1389.6666666666667
35,2022-03-04,3525.0,2131.4791666666665,1387.0208333333333
36,2022-03-05,3525.0,2117.4375,1402.0833333333333
37,2022-03-06,3525.0,2117.6458333333335,1401.9166666666667
38,2022-03-07,3525.0,2128.3958333333335,1390.7083333333333
39,2022-03-08,3525.0,2123.7916666666665,1394.8333333333333
40,2022-03-09,3525.0,2101.0416666666665,1416.2708333333333
41,2022-03-10,3525.0,2119.625,1399.3958333333333
42,2022-03-11,3525.0,2099.2083333333335,1411.3125
43,2022-03-12,3525.0,2072.25,1431.3958333333333
44,2022-03-13,3525.0,2094.375,1428.6458333333333
45,2022-03-14,3525.0,2117.0,1398.6875
46,2022-03-15,3525.0,2126.0833333333335,1391.4583333333333
47,2022-03-16,3525.0,2028.6666666666667,1369.4583333333333
48,2022-03-17,3525.0,1828.3958333333333,1370.7083333333333
49,2022-03-18,3525.0,1992.1875,1366.3125
50,2022-03-19,3525.0,2061.7291666666665,1384.2083333333333
51,2022-03-20,3525.0,2053.8541666666665,1396.7708333333333
52,2022-03-21,3525.0,2113.2916666666665,1373.0
53,2022-03-22,3525.0,2137.1041666666665,1380.3958333333333
54,2022-03-23,3525.0,2148.8125,1367.2083333333333
55,2022-03-24,3525.0,2145.6458333333335,1375.6666666666667
56,2022-03-25,3525.0,2134.7916666666665,1384.6458333333333
57,2022-03-26,3525.0,2134.0208333333335,1388.75
58,2022-03-27,3525.0,2127.978260869565,1394.4565217391305
59,2022-03-28,3525.0,2137.5833333333335,1380.3333333333333
60,2022-03-29,3525.0,2129.5208333333335,1386.3333333333333
61,2022-03-30,3525.0,2124.1875,1391.0
62,2022-03-31,3525.0,2118.2291666666665,1389.3958333333333
63,2022-04-01,3525.0,2108.375,1393.375
64,2022-04-02,3525.0,2094.25,1412.7291666666667
65,2022-04-03,3525.0,2094.0625,1412.0833333333333
66,2022-04-04,3525.0,2109.3333333333335,1391.8541666666667
67,2022-04-05,3525.5208333333335,2109.625,1390.6875
68,2022-04-06,3526.0,2096.5625,1407.0625
69,2022-04-07,3526.0,2118.8541666666665,1384.8541666666667
70,2022-04-08,3526.0,2115.0,1392.125
71,2022-04-09,3526.0,2109.0833333333335,1404.875
72,2022-04-10,3526.0,2101.2291666666665,1408.7916666666667
73,2022-04-11,3526.0,2122.1666666666665,1386.7291666666667
74,2022-04-12,3526.0,2104.4583333333335,1406.5833333333333
75,2022-04-13,3526.0,2113.375,1388.3541666666667
76,2022-04-14,3526.0,2123.6875,1382.1041666666667
77,2022-04-15,3526.0,2110.7083333333335,1401.6458333333333
78,2022-04-16,3526.0,2121.7708333333335,1389.6041666666667
79,2022-04-17,3526.0,2084.2291666666665,1426.3958333333333
80,2022-04-18,3526.0,2085.8958333333335,1425.4375
81,2022-04-19,3526.0,2117.5833333333335,1390.5625
82,2022-04-20,3525.4583333333335,2119.5416666666665,1385.2708333333333
83,2022-04-21,3525.0,2139.3125,1371.5625
84,2022-04-22,3525.0,2136.375,1381.7916666666667
85,2022-04-23,3525.0,2117.3333333333335,1405.3333333333333
86,2022-04-24,3525.0,2117.2708333333335,1405.25
87,2022-04-25,3525.0,2133.5416666666665,1386.0625
88,2022-04-26,3525.0,2153.7083333333335,1365.3333333333333
89,2022-04-27,3559.4102564102564,2145.769230769231,1376.820512820513
90,2022-04-28,3586.0,2169.0,1332.5208333333333
91,2022-04-29,3586.0,2153.1458333333335,1357.2083333333333
92,2022-04-30,3586.0,2061.0416666666665,1461.5833333333333
93,2022-05-01,3586.0,2059.625,1462.3541666666667
94,2022-05-02,3586.0,2075.3333333333335,1443.9583333333333
95,2022-05-03,3586.0,2111.6458333333335,1403.2916666666667
96,2022-05-04,3586.0,2136.125,1376.6666666666667
97,2022-05-05,3586.0,2159.1041666666665,1353.6875
98,2022-05-06,3586.0,2160.2708333333335,1372.5416666666667
99,2022-05-07,3586.0,2181.3333333333335,1370.7083333333333
100,2022-05-08,3586.0,2187.5208333333335,1364.375
101,2022-05-09,3586.0,2176.1458333333335,1368.75
102,2022-05-10,3586.0,2208.8541666666665,1349.9791666666667
103,2022-05-11,3586.0,2224.5,1353.3125
104,2022-05-12,3586.0,2212.375,1365.1666666666667
105,2022-05-13,3586.0,2217.1041666666665,1362.5
106,2022-05-14,3586.0,2227.1458333333335,1356.4166666666667
107,2022-05-15,3586.0,2203.7916666666665,1378.7291666666667
108,2022-05-16,3586.0,2229.8958333333335,1346.6666666666667
109,2022-05-17,3586.0,2208.8958333333335,1365.7291666666667
110,2022-05-18,3586.0,2224.7916666666665,1346.8125
111,2022-05-19,3586.0,2232.9166666666665,1341.0833333333333
112,2022-05-20,3586.0,2210.9375,1368.375
113,2022-05-21,3586.0,2199.875,1382.375
114,2022-05-22,3586.0,2187.6666666666665,1394.5625
115,2022-05-23,3586.0,2206.6458333333335,1368.1041666666667
116,2022-05-24,3586.0,2222.3125,1356.0416666666667
117,2022-05-25,3586.0,2216.25,1363.6666666666667
118,2022-05-26,3586.0,2223.5416666666665,1356.4791666666667
119,2022-05-27,3586.0,2221.9148936170213,1357.3191489361702
120,2022-05-28,3586.0,2207.3333333333335,1372.5208333333333
121,2022-05-29,3586.0,2189.8541666666665,1388.5625
122,2022-05-30,3586.0,2207.375,1366.7916666666667
123,2022-05-31,3586.0,2216.0416666666665,1364.3541666666667
124,2022-06-01,3586.0,2212.0833333333335,1367.7291666666667
125,2022-06-02,3586.0,2193.6458333333335,1385.5208333333333
126,2022-06-03,3586.0,2192.125,1388.4791666666667
127,2022-06-04,3586.0,2059.0833333333335,1391.875
128,2022-06-05,3586.0,1907.5,1425.875
129,2022-06-06,3586.0,2087.7083333333335,1398.875
130,2022-06-07,3586.0,2194.125,1383.6875
131,2022-06-08,3586.0,2206.6875,1368.8958333333333
132,2022-06-09,3586.0,2200.1875,1377.6666666666667
133,2022-06-10,3586.0,2188.8125,1394.1666666666667
134,2022-06-11,3586.0,2181.7083333333335,1401.9791666666667
135,2022-06-12,3586.0,2175.625,1407.2916666666667
136,2022-06-13,3586.0,2186.4375,1372.3125
137,2022-06-14,3586.0,2184.1458333333335,1361.7916666666667
138,2022-06-15,3586.0,2183.5208333333335,1362.1458333333333
139,2022-06-16,3586.0,2206.6875,1357.4583333333333
140,2022-06-17,3586.0,2224.0833333333335,1356.0833333333333
141,2022-06-18,3586.0,2218.75,1364.4791666666667
142,2022-06-19,3586.0,2213.8125,1369.1666666666667
143,2022-06-20,3586.0,2247.3125,1326.8125
144,2022-06-21,3586.0,2240.3333333333335,1335.9166666666667
145,2022-06-22,3586.0,2231.4791666666665,1344.5416666666667
146,2022-06-23,3586.0,2228.7916666666665,1348.4583333333333
147,2022-06-24,3586.0,2161.5208333333335,1368.2291666666667
148,2022-06-25,3586.0,2058.8125,1373.3541666666667
149,2022-06-26,3586.0,2133.625,1386.625
150,2022-06-27,3586.0,2231.1458333333335,1347.875
151,2022-06-28,3586.0,2216.9375,1360.75
152,2022-06-29,3586.0,2227.3958333333335,1350.3541666666667
153,2022-06-30,3586.0,2211.0,1368.7291666666667
154,2022-07-01,3586.0,2207.4166666666665,1372.9791666666667
155,2022-07-02,3586.0,2194.6666666666665,1389.2708333333333
156,2022-07-03,3586.0,2199.4791666666665,1384.1458333333333
157,2022-07-04,3586.0,2226.4375,1351.2083333333333
158,2022-07-05,3586.0,2226.2083333333335,1351.375
159,2022-07-06,3586.0,2228.8958333333335,1350.75
160,2022-07-07,3586.0,2210.2291666666665,1362.8541666666667
161,2022-07-08,3586.0,2207.9166666666665,1366.2291666666667
162,2022-07-09,3586.0,2216.2083333333335,1365.3958333333333
163,2022-07-10,3586.0,2207.6458333333335,1347.75
164,2022-07-11,3586.0,2214.1875,1342.75
165,2022-07-12,3586.0,2225.0625,1351.2083333333333
166,2022-07-13,3586.0,2236.5208333333335,1344.5416666666667
167,2022-07-14,3586.0,2229.6666666666665,1346.2083333333333
168,2022-07-15,3586.0,2240.0625,1336.0625
169,2022-07-16,3586.0,2231.5,1352.9166666666667
170,2022-07-17,3586.0,2235.5,1346.5
171,2022-07-18,3586.0,2221.6458333333335,1328.4166666666667
172,2022-07-19,3586.0,2211.1458333333335,1321.875
173,2022-07-20,3586.0,2198.8333333333335,1334.5625
174,2022-07-21,3586.0,2218.625,1336.2083333333333
175,2022-07-22,3586.0,2230.3541666666665,1347.7708333333333
176,2022-07-23,3586.0,2198.9791666666665,1379.9166666666667
177,2022-07-24,3586.0,2202.3541666666665,1374.5625
178,2022-07-25,3586.0,2220.1458333333335,1355.75
179,2022-07-26,3586.0,2239.5,1335.9166666666667
180,2022-07-27,3597.4893617021276,2242.659574468085,1335.6170212765958
181,2022-07-28,3616.0,2243.6041666666665,1331.8125
182,2022-07-29,3616.0,2237.1041666666665,1350.6875
183,2022-07-30,3616.0,2204.875,1384.875
184,2022-07-31,3616.0,2222.6458333333335,1367.7291666666667
185,2022-08-01,3616.0,2226.9791666666665,1369.0833333333333
186,2022-08-02,3616.0,2285.75,1319.1458333333333
187,2022-08-03,3616.0,2305.7916666666665,1301.5833333333333
188,2022-08-04,3616.0,2319.1458333333335,1288.5208333333333
189,2022-08-05,3616.0,2292.8125,1319.1041666666667
190,2022-08-06,3616.0,2272.2083333333335,1339.3958333333333
191,2022-08-07,3616.0,2269.9583333333335,1342.375
192,2022-08-08,3616.0,2293.5416666666665,1313.875
193,2022-08-09,3616.0,2295.8125,1304.3958333333333
194,2022-08-10,3616.0,2300.1041666666665,1285.9375
195,2022-08-11,3616.0,2288.4166666666665,1287.8958333333333
196,2022-08-12,3616.0,2263.1458333333335,1317.5416666666667
197,2022-08-13,3616.0,2268.9583333333335,1343.9791666666667
198,2022-08-14,3616.0,2279.0,1315.1041666666667
199,2022-08-15,3616.0,2254.0625,1346.6458333333333
200,2022-08-16,3616.0,2277.0625,1327.5208333333333
201,2022-08-17,3616.0,2265.625,1335.75
202,2022-08-18,3616.0,2241.375,1326.0
203,2022-08-19,3616.0,2244.125,1325.6458333333333
204,2022-08-20,3616.0,2220.2083333333335,1349.6666666666667
205,2022-08-21,3616.0,2221.1041666666665,1349.7708333333333
206,2022-08-22,3616.0,2243.3541666666665,1321.1041666666667
207,2022-08-23,3616.0,2251.4791666666665,1311.5416666666667
208,2022-08-24,3616.0,2253.0833333333335,1313.0208333333333
209,2022-08-25,3616.0,2251.7708333333335,1316.625
210,2022-08-26,3616.0,2217.1041666666665,1333.1458333333333
211,2022-08-27,3616.0,2196.5833333333335,1336.8958333333333
212,2022-08-28,3616.0,2216.0208333333335,1357.5
213,2022-08-29,3616.0,2240.5833333333335,1327.4791666666667
214,2022-08-30,3616.0,2239.7291666666665,1325.1875
215,2022-08-31,3616.0,2232.4375,1334.875
216,2022-09-01,3616.0,2206.909090909091,1362.409090909091
217,2022-09-02,3616.0,2163.0,1409.0
218,2022-09-03,3616.0,2150.4791666666665,1422.9791666666667
219,2022-09-04,3616.0,2180.5208333333335,1392.1875
220,2022-09-05,3616.0,2201.7083333333335,1367.6458333333333
221,2022-09-06,3616.0,2196.9583333333335,1372.75
222,2022-09-07,3616.0,2201.6666666666665,1362.6041666666667
223,2022-09-08,3616.0,2208.0,1358.4166666666667
224,2022-09-09,3616.0,2210.2916666666665,1358.125
225,2022-09-10,3616.0,2205.9791666666665,1367.4375
226,2022-09-11,3616.0,2175.4375,1396.6666666666667
227,2022-09-12,3616.0,2206.3333333333335,1360.375
228,2022-09-13,3616.0,2231.6875,1331.125
229,2022-09-14,3616.0,2241.6666666666665,1323.125
230,2022-09-15,3616.0,2268.8125,1297.5208333333333
231,2022-09-16,3616.0,2267.4583333333335,1305.1458333333333
232,2022-09-17,3616.0,2251.2291666666665,1322.2916666666667
233,2022-09-18,3616.0,2238.8958333333335,1334.9791666666667
234,2022-09-19,3616.0,2273.1666666666665,1296.4583333333333
235,2022-09-20,3616.0,2292.4166666666665,1278.3125
236,2022-09-21,3616.0,2298.1458333333335,1267.2291666666667
237,2022-09-22,3616.0,2258.125,1311.5625
238,2022-09-23,3616.0,2268.75,1303.7083333333333
239,2022-09-24,3616.0,2242.7916666666665,1331.9791666666667
240,2022-09-25,3616.0,2219.8333333333335,1354.0833333333333
241,2022-09-26,3616.0,2260.4583333333335,1305.6875
242,2022-09-27,3616.0,2266.9583333333335,1300.0833333333333
243,2022-09-28,3616.0,2263.1041666666665,1306.3125
244,2022-09-29,3616.0,2265.125,1304.0833333333333
245,2022-09-30,3616.0,2223.9375,1348.5833333333333
246,2022-10-01,3616.0,2207.7083333333335,1365.125
247,2022-10-02,3616.0,2202.9375,1367.4791666666667
248,2022-10-03,3616.0,2241.1041666666665,1325.4166666666667
249,2022-10-04,3616.0,2253.9791666666665,1313.5
250,2022-10-05,3616.0,2232.8125,1336.4375
251,2022-10-06,3616.0,2234.9166666666665,1335.7291666666667
252,2022-10-07,3616.0,2230.4375,1341.0416666666667
253,2022-10-08,3616.0,2236.8333333333335,1335.375
254,2022-10-09,3616.0,2199.8333333333335,1372.625
255,2022-10-10,3616.0,2241.4583333333335,1325.5416666666667
256,2022-10-11,3616.0,2251.5208333333335,1318.4791666666667
257,2022-10-12,3616.0,2241.0625,1329.9583333333333
258,2022-10-13,3627.25,2231.875,1321.9166666666667
259,2022-10-14,3644.125,2222.7708333333335,1333.0208333333333
260,2022-10-15,3616.0,2201.6666666666665,1370.5208333333333
261,2022-10-16,3616.0,2192.3541666666665,1381.3541666666667
262,2022-10-17,3616.0,2225.6875,1339.9375
263,2022-10-18,3616.0,2228.5,1338.1458333333333
264,2022-10-19,3616.0,2201.4166666666665,1366.9166666666667
265,2022-10-20,3616.0,2216.6875,1347.6875
266,2022-10-21,3616.0,2209.5625,1357.5625
267,2022-10-22,3616.0,2222.9375,1350.7083333333333
268,2022-10-23,3616.0,2207.7083333333335,1365.0
269,2022-10-24,3616.0,2237.0,1326.5625
270,2022-10-25,3616.0,2237.3333333333335,1325.5208333333333
271,2022-10-26,3616.0,2252.3958333333335,1310.1875
272,2022-10-27,3616.0,2264.5625,1293.7916666666667
273,2022-10-28,3616.0,2234.1875,1286.7083333333333
274,2022-10-29,3616.0,2075.7916666666665,1326.2291666666667
275,2022-10-30,3766.6666666666665,2213.375,1329.375
276,2022-10-31,3616.0,2162.6666666666665,1328.6458333333333
277,2022-11-01,3616.0,2265.0416666666665,1300.6666666666667
278,2022-11-02,3616.0,2236.5208333333335,1328.375
279,2022-11-03,3616.0,2244.7291666666665,1319.5208333333333
280,2022-11-04,3616.0,2237.2340425531916,1330.723404255319
281,2022-11-05,3616.0,2229.9791666666665,1340.5625
282,2022-11-06,3616.0,2219.25,1350.0833333333333
283,2022-11-07,3616.0,2235.375,1328.8958333333333
284,2022-11-08,3616.0,2245.2916666666665,1323.2916666666667
285,2022-11-09,3616.0,2235.1041666666665,1332.3333333333333
286,2022-11-10,3616.0,2232.4583333333335,1336.8333333333333
287,2022-11-11,3616.0,2217.2708333333335,1351.875
288,2022-11-12,3616.0,2200.8125,1372.25
289,2022-11-13,3616.0,2189.4583333333335,1383.6041666666667
290,2022-11-14,3616.0,2228.4375,1356.125
291,2022-11-15,3616.0,2260.6041666666665,1346.8333333333333
292,2022-11-16,3616.0,2248.5625,1359.0
293,2022-11-17,3616.0,2255.3125,1353.6666666666667
294,2022-11-18,3616.0,2240.3125,1367.625
295,2022-11-19,3616.0,2229.3333333333335,1382.0625
296,2022-11-20,3616.0,2225.6875,1386.625
297,2022-11-21,3616.0,2248.375,1360.0833333333333
298,2022-11-22,3616.0,2270.0625,1335.625
299,2022-11-23,3616.0,2233.6666666666665,1376.8541666666667
300,2022-11-24,3616.0,2239.7083333333335,1367.1875
301,2022-11-25,3616.0,2239.75,1368.7291666666667
302,2022-11-26,3616.0,2213.1458333333335,1399.8125
303,2022-11-27,3616.0,2209.6458333333335,1402.2291666666667
304,2022-11-28,3616.0,2235.5208333333335,1368.9791666666667
305,2022-11-29,3616.0,2252.0416666666665,1353.875
306,2022-11-30,3616.0,2247.4166666666665,1354.375
307,2022-12-01,3616.0,2254.7708333333335,1352.2291666666667
308,2022-12-02,3616.0,2261.2291666666665,1347.8958333333333
309,2022-12-03,3616.0,2230.0,1381.3958333333333
310,2022-12-04,3616.0,2212.8541666666665,1401.125
311,2022-12-05,3616.0,2246.9375,1359.6458333333333
312,2022-12-06,3616.0,2253.4583333333335,1345.8958333333333
313,2022-12-07,3616.0,2272.7916666666665,1333.375
314,2022-12-08,3616.0,2269.75,1340.0416666666667
315,2022-12-09,3616.0,2241.9583333333335,1369.4166666666667
316,2022-12-10,3616.0,2212.9791666666665,1401.5
317,2022-12-11,3616.0,2207.875,1405.9375
318,2022-12-12,3616.0,2228.2708333333335,1379.7291666666667
319,2022-12-13,3616.0,2233.0208333333335,1369.3125
320,2022-12-14,3616.0,2243.9375,1358.4375
321,2022-12-15,3616.0,2254.625,1349.75
322,2022-12-16,3616.0,2234.8333333333335,1374.1875
323,2022-12-17,3616.0,2219.5833333333335,1393.3541666666667
324,2022-12-18,3616.0,2211.9583333333335,1400.6458333333333
325,2022-12-19,3616.0,2237.6458333333335,1369.5208333333333
326,2022-12-20,3616.0,2246.1458333333335,1356.3333333333333
327,2022-12-21,3616.0,2234.625,1371.375
328,2022-12-22,3616.0,2229.75,1375.4375
329,2022-12-23,3616.0,2216.1666666666665,1395.6041666666667
330,2022-12-24,3616.0,2202.3541666666665,1411.2083333333333
331,2022-12-25,3616.0,2217.6875,1393.7291666666667
332,2022-12-26,3616.0,2202.1875,1406.2083333333333
333,2022-12-27,3616.0,2213.1458333333335,1396.1666666666667
334,2022-12-28,3616.0,2180.7916666666665,1377.5
335,2022-12-29,3616.0,2158.4583333333335,1371.4166666666667
336,2022-12-30,3616.0,2178.375,1354.5625
337,2022-12-31,3616.0,2185.5625,1347.8333333333333
338,2023-01-01,3616.0,2182.8958333333335,1349.6458333333333
339,2023-01-02,3616.0,2188.7708333333335,1343.8958333333333
340,2023-01-03,3616.0,2230.7916666666665,1330.3333333333333
341,2023-01-04,3616.0,2259.8333333333335,1345.1666666666667
342,2023-01-05,3616.0,2263.8958333333335,1342.6875
343,2023-01-06,3616.0,2249.2291666666665,1356.8541666666667
344,2023-01-07,3616.0,2223.0208333333335,1389.5625
345,2023-01-08,3616.0,2213.5208333333335,1397.7291666666667
346,2023-01-09,3616.0,2251.1875,1352.5208333333333
347,2023-01-10,3616.0,2251.1041666666665,1354.2291666666667
348,2023-01-11,3616.0,2252.1666666666665,1353.4791666666667
349,2023-01-12,3616.0,2249.5208333333335,1357.5833333333333
350,2023-01-13,3616.0,2217.0625,1362.9166666666667
351,2023-01-14,3616.0,2116.6666666666665,1375.1041666666667
352,2023-01-15,3616.0,2113.2083333333335,1379.1458333333333
353,2023-01-16,3616.0,2217.3125,1335.7916666666667
354,2023-01-17,3616.0,2274.125,1332.4375
355,2023-01-18,3616.0,2268.8333333333335,1339.4791666666667
356,2023-01-19,3616.0,2261.6041666666665,1345.0625
357,2023-01-20,3616.0,2254.6458333333335,1353.4166666666667
358,2023-01-21,3616.0,2232.6041666666665,1380.0
359,2023-01-22,3616.0,2227.9791666666665,1385.125
360,2023-01-23,3616.0,2265.1875,1343.5833333333333
361,2023-01-24,3616.0,2276.375,1329.6875
362,2023-01-25,3616.0,2268.3958333333335,1335.9375
363,2023-01-26,3616.0,2261.8333333333335,1339.7916666666667
364,2023-01-27,3616.0,2245.6458333333335,1359.1041666666667
365,2023-01-28,3616.0,2207.7916666666665,1400.3958333333333
366,2023-01-29,3616.0,2218.5625,1388.625
367,2023-01-30,3616.0,2249.75,1351.6458333333333
368,2023-01-31,3616.0,2259.125,1343.5
369,2023-02-01,3616.0,2263.3333333333335,1342.25
370,2023-02-02,3616.0,2254.6666666666665,1349.2083333333333
371,2023-02-03,3616.0,2245.0833333333335,1359.0
372,2023-02-04,3616.0,2224.5833333333335,1382.2708333333333
373,2023-02-05,3616.0,2227.6458333333335,1378.7916666666667
374,2023-02-06,3616.0,2226.6666666666665,1376.3958333333333
375,2023-02-07,3616.4791666666665,2273.7291666666665,1327.5208333333333
376,2023-02-08,3617.0,2282.75,1316.9375
377,2023-02-09,3617.0,2293.75,1311.9583333333333
378,2023-02-10,3617.0,2272.2083333333335,1334.8333333333333
379,2023-02-11,3617.0,2253.2916666666665,1356.25
380,2023-02-12,3617.0,2258.9583333333335,1350.3125
381,2023-02-13,3617.0,2286.4166666666665,1312.8125
382,2023-02-14,3617.0,2306.0416666666665,1298.6041666666667
383,2023-02-15,3617.0,2306.25,1299.0833333333333
384,2023-02-16,3617.0,2305.1458333333335,1298.6458333333333
385,2023-02-17,3617.0,2287.8958333333335,1316.4791666666667
386,2023-02-18,3617.0,2260.7291666666665,1347.5625
387,2023-02-19,3617.0,2258.3125,1351.5625
388,2023-02-20,3617.0,2286.7083333333335,1313.9583333333333
389,2023-02-21,3617.0,2297.4583333333335,1307.8541666666667
390,2023-02-22,3617.0,2287.8125,1316.0416666666667
391,2023-02-23,3617.0,2287.7291666666665,1314.1458333333333
392,2023-02-24,3617.0,2269.0625,1335.25
393,2023-02-25,3617.0,2234.9166666666665,1374.7291666666667
394,2023-02-26,3617.0,2229.5833333333335,1370.1041666666667
395,2023-02-27,3617.0,2255.8125,1333.9375
396,2023-02-28,3617.0,2257.5,1333.6666666666667
397,2023-03-01,3630.125,2278.3541666666665,1324.5625
398,2023-03-02,3647.0,2300.5833333333335,1317.1458333333333
399,2023-03-03,3647.0,2287.2291666666665,1330.75
400,2023-03-04,3647.0,2251.4791666666665,1374.0208333333333
401,2023-03-05,3647.0,2244.8333333333335,1378.6458333333333
402,2023-03-06,3647.0,2264.4583333333335,1354.1875
403,2023-03-07,3647.0,2282.9583333333335,1337.2708333333333
404,2023-03-08,3647.0,2273.9375,1344.3125
405,2023-03-09,3647.0,2257.125,1364.2916666666667
406,2023-03-10,3646.7291666666665,2262.3333333333335,1356.75
407,2023-03-11,3646.0,2219.7083333333335,1403.4166666666667
408,2023-03-12,3646.0,2226.125,1397.3958333333333
409,2023-03-13,3646.0,2262.25,1355.6875
410,2023-03-14,3646.0,2290.4791666666665,1322.375
411,2023-03-15,3646.0,2300.1666666666665,1315.5625
412,2023-03-16,3646.0,2270.5208333333335,1305.7291666666667
413,2023-03-17,3646.0,2164.0208333333335,1348.0625
414,2023-03-18,3646.0,2191.4375,1341.1875
415,2023-03-19,3646.0,2204.0833333333335,1344.8333333333333
416,2023-03-20,3646.0,2277.0208333333335,1314.2708333333333
417,2023-03-21,3646.0,2306.0416666666665,1309.5208333333333
418,2023-03-22,3646.0,2310.75,1308.2916666666667
419,2023-03-23,3646.0,2304.5208333333335,1313.5
420,2023-03-24,3646.0,2274.125,1342.5833333333333
421,2023-03-25,3646.0,2259.75,1363.4791666666667
422,2023-03-26,3646.0,2254.7391304347825,1368.6521739130435
423,2023-03-27,3646.0,2284.9583333333335,1319.2708333333333
424,2023-03-28,3646.0,2277.2083333333335,1318.2916666666667
425,2023-03-29,3646.0,2294.9583333333335,1301.9583333333333
426,2023-03-30,3646.0,2311.3333333333335,1286.7708333333333
427,2023-03-31,3646.0,2292.3333333333335,1306.5
428,2023-04-01,3646.0,2259.4583333333335,1345.0
429,2023-04-02,3646.0,2264.125,1337.5416666666667
430,2023-04-03,3646.0,2318.0208333333335,1277.5833333333333
431,2023-04-04,3646.0,2338.6875,1259.5208333333333
432,2023-04-05,3646.0,2340.7708333333335,1254.2708333333333
433,2023-04-06,3646.0,2351.6666666666665,1253.0
434,2023-04-07,3646.0,2335.0625,1283.2708333333333
435,2023-04-08,3646.0,2317.0833333333335,1300.8541666666667
436,2023-04-09,3646.0,2301.6458333333335,1315.0
437,2023-04-10,3646.0,2294.8333333333335,1320.125
438,2023-04-11,3646.0,2331.1875,1260.6041666666667
439,2023-04-12,3646.0,2331.2916666666665,1249.9583333333333
440,2023-04-13,3646.0,2314.4375,1232.2916666666667
441,2023-04-14,3646.0,2298.0625,1251.3333333333333
442,2023-04-15,3646.0,2293.4583333333335,1291.9583333333333
443,2023-04-16,3646.0,2277.125,1308.5833333333333
444,2023-04-17,3646.0,2326.1041666666665,1271.6875
445,2023-04-18,3646.0,2365.625,1253.6875
446,2023-04-19,3646.0,2347.6458333333335,1277.7916666666667
447,2023-04-20,3646.0,2342.2291666666665,1282.6666666666667
448,2023-04-21,3646.0,2319.1458333333335,1295.3125
449,2023-04-22,3646.0,2252.3958333333335,1343.6666666666667
450,2023-04-23,3646.0,2270.0625,1326.5625
451,2023-04-24,3646.0,2327.2916666666665,1283.6041666666667
452,2023-04-25,3646.0,2370.6666666666665,1262.8125
453,2023-04-26,3646.0,2350.8541666666665,1285.0833333333333
454,2023-04-27,3646.0,2331.375,1305.7708333333333
455,2023-04-28,3646.0,2311.25,1331.375
456,2023-04-29,3646.0,2283.4791666666665,1359.375
457,2023-04-30,3646.0,2260.9166666666665,1381.2916666666667
458,2023-05-01,3646.0,2255.5581395348836,1385.860465116279
459,2023-05-02,3646.0,2300.9148936170213,1336.404255319149
460,2023-05-03,3646.0,2324.8125,1312.875
461,2023-05-04,3646.6041666666665,2310.4791666666665,1327.8541666666667
462,2023-05-05,3647.0,2316.5416666666665,1324.9375
463,2023-05-06,3647.0,2293.4791666666665,1351.5
464,2023-05-07,3647.0,2283.875,1358.6875
465,2023-05-08,3647.0,2301.7916666666665,1337.5208333333333
466,2023-05-09,3647.0,2340.8541666666665,1297.0208333333333
467,2023-05-10,3647.0,2339.0416666666665,1301.1875
468,2023-05-11,3647.0,2323.4583333333335,1315.5625
469,2023-05-12,3647.0,2327.5416666666665,1311.6875
470,2023-05-13,3646.125,2324.375,1318.125
471,2023-05-14,3646.0,2286.3333333333335,1353.5
472,2023-05-15,3646.0,2331.8125,1304.2083333333333
473,2023-05-16,3646.0,2361.0416666666665,1278.9791666666667
474,2023-05-17,3646.0,2355.0208333333335,1273.9583333333333
475,2023-05-18,3646.0,2330.7083333333335,1289.2291666666667
476,2023-05-19,3646.0,2319.1041666666665,1302.8541666666667
477,2023-05-20,3646.0,2287.5208333333335,1335.375
478,2023-05-21,3646.0,2279.9375,1342.0
479,2023-05-22,3646.0,2307.9791666666665,1306.6041666666667
480,2023-05-23,3646.0,2336.3125,1283.3541666666667
481,2023-05-24,3646.0,2312.7708333333335,1307.2708333333333
482,2023-05-25,3646.0,2315.2708333333335,1301.7083333333333
483,2023-05-26,3646.0,2296.4166666666665,1321.3333333333333
484,2023-05-27,3646.0,2274.7708333333335,1345.4166666666667
485,2023-05-28,3646.0,2261.6875,1360.1041666666667
486,2023-05-29,3646.0,2284.75,1334.0
487,2023-05-30,3646.0,2314.7916666666665,1303.0208333333333
488,2023-05-31,3646.0,2325.3958333333335,1294.0208333333333
489,2023-06-01,3646.0,2344.3125,1275.0833333333333
490,2023-06-02,3646.0,2346.0,1276.7441860465117
491,2023-06-03,3646.0,2167.0833333333335,1263.6458333333333
492,2023-06-04,3646.0,2080.6041666666665,1253.25
493,2023-06-05,3646.0,2232.0,1266.4583333333333
494,2023-06-06,3646.0,2365.6666666666665,1247.7708333333333
495,2023-06-07,3646.0,2335.9375,1278.4791666666667
496,2023-06-08,3646.0,2334.7916666666665,1283.3333333333333
497,2023-06-09,3646.0,2323.9375,1296.6041666666667
498,2023-06-10,3646.0,2293.2083333333335,1328.5208333333333
499,2023-06-11,3646.0,2287.3333333333335,1334.3541666666667
500,2023-06-12,3646.0,2290.3958333333335,1322.5
501,2023-06-13,3646.0,2328.2708333333335,1297.8125
502,2023-06-14,3646.0,2338.5625,1299.0
503,2023-06-15,3646.0,2331.9375,1307.5416666666667
504,2023-06-16,3646.0,2313.25,1326.75
505,2023-06-17,3646.0,2302.0833333333335,1341.5208333333333
506,2023-06-18,3646.0,2313.1666666666665,1327.375
507,2023-06-19,3646.0,2341.625,1296.0208333333333
508,2023-06-20,3646.0,2336.1458333333335,1302.3958333333333
509,2023-06-21,3646.0,2335.8958333333335,1302.7916666666667
510,2023-06-22,3646.0,2319.9166666666665,1313.3541666666667
511,2023-06-23,3646.0,2256.0833333333335,1327.2291666666667
512,2023-06-24,3646.0,2207.0625,1306.2291666666667
513,2023-06-25,3646.0,2263.7083333333335,1316.6458333333333
514,2023-06-26,3646.0,2365.3333333333335,1270.8541666666667
515,2023-06-27,3646.0,2374.1875,1252.125
516,2023-06-28,3646.0,2340.5416666666665,1263.0833333333333
517,2023-06-29,3646.0,2354.375,1251.6458333333333
518,2023-06-30,3646.0,2336.4583333333335,1273.2916666666667
519,2023-07-01,3646.0,2334.8125,1275.3333333333333
520,2023-07-02,3646.0,2325.6458333333335,1285.125
521,2023-07-03,3646.0,2322.0,1287.0833333333333
522,2023-07-04,3646.0,2316.5,1290.125
523,2023-07-05,3646.0,2302.7916666666665,1304.0625
524,2023-07-06,3646.0,2286.8541666666665,1321.2083333333333
525,2023-07-07,3646.0,2274.7291666666665,1334.2291666666667
526,2023-07-08,3646.0,2255.8333333333335,1354.0625
527,2023-07-09,3646.0,2250.875,1358.5
528,2023-07-10,3646.0,2259.6458333333335,1345.7291666666667
529,2023-07-11,3646.0,2292.9375,1311.6875
530,2023-07-12,3646.0,2291.1666666666665,1314.7083333333333
531,2023-07-13,3646.0,2285.0,1319.7708333333333
532,2023-07-14,3646.0,2252.9375,1355.7291666666667
533,2023-07-15,3646.0,2240.5208333333335,1371.4583333333333
534,2023-07-16,3646.0,2254.6041666666665,1357.0416666666667
535,2023-07-17,3646.0,2279.9583333333335,1326.7083333333333
536,2023-07-18,3646.0,2272.3125,1333.25
537,2023-07-19,3646.0,2283.7708333333335,1323.6458333333333
538,2023-07-20,3646.0,2307.4791666666665,1300.125
539,2023-07-21,3646.0,2303.8541666666665,1303.7708333333333
540,2023-07-22,3646.0,2280.375,1328.7083333333333
541,2023-07-23,3646.0,2259.4375,1349.6041666666667
542,2023-07-24,3646.0,2282.8958333333335,1322.6875
543,2023-07-25,3646.0,2280.4375,1325.8125
544,2023-07-26,3646.0,2254.3541666666665,1352.7708333333333
545,2023-07-27,3646.0,2288.5208333333335,1317.5
546,2023-07-28,3646.0,2249.5416666666665,1357.6458333333333
547,2023-07-29,3646.0,2229.0,1377.2708333333333
548,2023-07-30,3646.0,2207.7291666666665,1393.7708333333333
549,2023-07-31,3646.0,2243.6458333333335,1360.9583333333333
550,2023-08-01,3646.0,2284.125,1321.1458333333333
551,2023-08-02,3646.0,2254.2291666666665,1350.4791666666667
552,2023-08-03,3646.0,2282.4583333333335,1326.2291666666667
553,2023-08-04,3646.0,2269.8541666666665,1338.9583333333333
554,2023-08-05,3646.0,2223.4791666666665,1385.9791666666667
555,2023-08-06,3646.0,2234.125,1375.25
556,2023-08-07,3646.0,2231.9791666666665,1377.1041666666667
557,2023-08-08,3646.0,2268.6666666666665,1335.8541666666667
558,2023-08-09,3646.0,2291.531914893617,1314.8510638297873
559,2023-08-10,3646.0,2277.2708333333335,1328.5
560,2023-08-11,3646.0,2260.5625,1342.2708333333333
561,2023-08-12,3646.0,2237.0,1371.9166666666667
562,2023-08-13,3646.0,2239.3333333333335,1367.8541666666667
563,2023-08-14,3646.0,2251.5,1355.5208333333333
564,2023-08-15,3646.0,2256.1666666666665,1350.1875
565,2023-08-16,3646.0,2257.4166666666665,1347.3125
566,2023-08-17,3646.0,2258.3541666666665,1347.625
567,2023-08-18,3646.0,2221.375,1386.3125
568,2023-08-19,3646.0,2228.8541666666665,1381.1458333333333
569,2023-08-20,3646.0,2235.25,1371.3333333333333
570,2023-08-21,3646.0,2257.125,1337.8333333333333
571,2023-08-22,3646.0,2270.5625,1324.3541666666667
572,2023-08-23,3646.0,2257.3333333333335,1328.5208333333333
573,2023-08-24,3646.0,2248.3541666666665,1326.3541666666667
574,2023-08-25,3646.0,2232.2083333333335,1345.8125
575,2023-08-26,3646.0,2213.9791666666665,1380.4166666666667
576,2023-08-27,3646.0,2209.5625,1390.9791666666667
577,2023-08-28,3646.0,2264.6458333333335,1349.8333333333333
578,2023-08-29,3646.0,2292.0,1334.7916666666667
579,2023-08-30,3646.0,2292.875,1333.5208333333333
580,2023-08-31,3646.0,2283.68085106383,1340.2978723404256
581,2023-09-01,3646.0,2285.5416666666665,1341.3958333333333
582,2023-09-02,3646.0,2287.75,1343.9375
583,2023-09-03,3646.0,2287.0416666666665,1341.5833333333333
584,2023-09-04,3646.0,2314.1666666666665,1309.5625
585,2023-09-05,3646.0,2318.6458333333335,1306.4166666666667
586,2023-09-06,3646.0,2312.7916666666665,1312.5416666666667
587,2023-09-07,3646.0,2300.625,1325.625
588,2023-09-08,3646.0,2283.0625,1345.125
589,2023-09-09,3646.0,2272.4166666666665,1358.4166666666667
590,2023-09-10,3646.0,2250.875,1379.8541666666667
591,2023-09-11,3646.0,2266.4791666666665,1359.7291666666667
592,2023-09-12,3646.0,2293.3125,1334.1875
593,2023-09-13,3646.0,2282.4791666666665,1343.6458333333333
594,2023-09-14,3646.0,2281.7291666666665,1342.7708333333333
595,2023-09-15,3646.0,2244.4583333333335,1385.125
596,2023-09-16,3646.0,2230.9791666666665,1401.6875
597,2023-09-17,3646.0,2204.3541666666665,1426.0416666666667
598,2023-09-18,3646.0,2247.9166666666665,1377.5208333333333
599,2023-09-19,3646.0,2267.5833333333335,1359.5833333333333
600,2023-09-20,3646.0,2274.8541666666665,1352.7291666666667
601,2023-09-21,3646.0,2280.7916666666665,1345.5833333333333
602,2023-09-22,3646.0,2276.531914893617,1352.5531914893618
603,2023-09-23,3646.0,2260.9791666666665,1369.9791666666667
604,2023-09-24,3646.0,2239.4375,1383.5
605,2023-09-25,3646.0,2267.0625,1353.8541666666667
606,2023-09-26,3646.0,2261.625,1364.8958333333333
607,2023-09-27,3646.0,2250.5208333333335,1378.1041666666667
608,2023-09-28,3646.0,2270.9791666666665,1354.9375
609,2023-09-29,3646.0,2268.9166666666665,1358.8125
610,2023-09-30,3646.0,2226.5833333333335,1404.6041666666667
611,2023-10-01,3646.0,2246.3125,1383.3125
612,2023-10-02,3646.0,2267.8958333333335,1356.7291666666667
613,2023-10-03,3646.0,2284.2127659574467,1341.2553191489362
614,2023-10-04,3646.0,2286.7708333333335,1340.8541666666667
615,2023-10-05,3646.0,2295.0208333333335,1331.0625
616,2023-10-06,3646.0,2302.4791666666665,1325.9583333333333
617,2023-10-07,3646.0,2298.5,1330.2916666666667
618,2023-10-08,3646.0,2299.0833333333335,1329.2083333333333
619,2023-10-09,3646.0,2343.4791666666665,1281.9583333333333
620,2023-10-10,3646.0,2360.9166666666665,1266.3333333333333
621,2023-10-11,3646.0,2316.2083333333335,1310.8958333333333
622,2023-10-12,3646.0,2325.6458333333335,1301.4166666666667
623,2023-10-13,3646.0,2301.25,1326.0833333333333
624,2023-10-14,3646.0,2285.9583333333335,1345.1458333333333
625,2023-10-15,3646.0,2279.2083333333335,1345.8125
626,2023-10-16,3646.0,2304.75,1320.3541666666667
627,2023-10-17,3646.0,2300.8958333333335,1326.7708333333333
628,2023-10-18,3646.0,2269.25,1359.1458333333333
629,2023-10-19,3646.0,2275.6458333333335,1352.3541666666667
630,2023-10-20,3646.0,2269.9583333333335,1358.1041666666667
631,2023-10-21,3646.0,2277.5625,1353.8541666666667
632,2023-10-22,3646.0,2282.5208333333335,1347.9166666666667
633,2023-10-23,3646.0,2289.4375,1336.9375
634,2023-10-24,3646.0,2285.8125,1339.2083333333333
635,2023-10-25,3646.0,2293.6875,1334.4791666666667
636,2023-10-26,3646.0,2289.5208333333335,1337.7916666666667
637,2023-10-27,3646.0,2302.2291666666665,1325.2916666666667
638,2023-10-28,3646.0,2186.1875,1334.2083333333333
639,2023-10-29,3797.9166666666665,2260.375,1343.4375
640,2023-10-30,3646.0,2215.8125,1334.1041666666667
641,2023-10-31,3646.0,2310.625,1311.0208333333333
642,2023-11-01,3646.0,2303.1875,1320.125
643,2023-11-02,3646.0,2306.5625,1320.75
644,2023-11-03,3646.0,2291.5,1338.0625
645,2023-11-04,3646.0,2236.0833333333335,1395.25
646,2023-11-05,3646.0,2255.1875,1375.2083333333333
647,2023-11-06,3646.0,2310.0416666666665,1315.6666666666667
648,2023-11-07,3646.0,2317.9166666666665,1306.2708333333333
649,2023-11-08,3646.0,2312.7916666666665,1313.25
650,2023-11-09,3646.0,2308.9583333333335,1317.4583333333333
651,2023-11-10,3646.0,2301.8125,1325.8333333333333
652,2023-11-11,3646.0,2272.4583333333335,1358.5416666666667
653,2023-11-12,3646.0,2244.0833333333335,1387.0833333333333
654,2023-11-13,3646.0,2269.5833333333335,1355.5833333333333
655,2023-11-14,3646.0,2330.5833333333335,1294.0625
656,2023-11-15,3646.0,2336.5625,1289.5833333333333
657,2023-11-16,3646.0,2316.3125,1311.5416666666667
658,2023-11-17,3646.0,2289.2340425531916,1337.8510638297873
659,2023-11-18,3646.0,2276.25,1352.3125
660,2023-11-19,3646.0,2248.4791666666665,1380.3125
661,2023-11-20,3646.0,2296.4791666666665,1328.4791666666667
662,2023-11-21,3646.0,2304.0416666666665,1299.2083333333333
663,2023-11-22,3646.0,2271.8541666666665,1313.25
664,2023-11-23,3646.0,2279.4375,1307.4791666666667
665,2023-11-24,3646.0,2299.9375,1316.0625
666,2023-11-25,3646.0,2294.6041666666665,1333.25
667,2023-11-26,3646.0,2271.3541666666665,1358.6875
668,2023-11-27,3646.0,2288.9166666666665,1335.9166666666667
669,2023-11-28,3646.0,2306.5625,1318.7916666666667
670,2023-11-29,3646.0,2298.5833333333335,1326.4375
671,2023-11-30,3646.0,2284.625,1341.1041666666667
